2021-05-11 10:15:10,50,5000
2021-05-11 10:15:10,50,5000
2021-05-11 10:15:10,50,5000
2021-05-11 10:15:10,50,5000
2021-05-11 10:15:10,50,5000
2565-05-23 22:45:03,11,1100.0
2022-05-23 22:50:42,20,2000.0
2022-05-24 00:30:26,50,5000.0
2022-05-24 00:31:12,50,5000.0
2565-05-24 11:45:10,20,2000.0
2565-05-24 11:45:44,10,1000.0
2565-05-24 11:58:38,10,1000.0
2565-05-24 11:59:04,15,1500.0
2565-05-24 11:59:43,10,1000.0
2565-05-24 12:04:54,10,1000.0
2565-05-24 12:04:59,15,1500.0
2565-05-24 12:12:13,50,5000.0
2565-05-24 12:12:18,40,4000.0
